"Path","Callback"
"C:\Users\tombl\Documents\lurek2D\content\games\action\brick_breaker\main.lua","init"
"C:\Users\tombl\Documents\lurek2D\content\games\action\brick_breaker\main.lua","process"
"C:\Users\tombl\Documents\lurek2D\content\games\action\brick_breaker\main.lua","draw"
"C:\Users\tombl\Documents\lurek2D\content\games\action\brick_breaker\main.lua","draw_ui"
"C:\Users\tombl\Documents\lurek2D\content\games\action\bullet_hell\main.lua","init"
"C:\Users\tombl\Documents\lurek2D\content\games\action\bullet_hell\main.lua","process"
"C:\Users\tombl\Documents\lurek2D\content\games\action\bullet_hell\main.lua","draw"
"C:\Users\tombl\Documents\lurek2D\content\games\action\bullet_hell\main.lua","draw_ui"
"C:\Users\tombl\Documents\lurek2D\content\games\action\cannon_fodder\main.lua","init"
"C:\Users\tombl\Documents\lurek2D\content\games\action\cannon_fodder\main.lua","update"
"C:\Users\tombl\Documents\lurek2D\content\games\action\cannon_fodder\main.lua","process"
"C:\Users\tombl\Documents\lurek2D\content\games\action\cannon_fodder\main.lua","draw"
"C:\Users\tombl\Documents\lurek2D\content\games\action\cannon_fodder\main.lua","mousepressed"
"C:\Users\tombl\Documents\lurek2D\content\games\action\cannon_fodder\main.lua","keypressed"
"C:\Users\tombl\Documents\lurek2D\content\games\action\endless_runner\main.lua","init"
"C:\Users\tombl\Documents\lurek2D\content\games\action\endless_runner\main.lua","process"
"C:\Users\tombl\Documents\lurek2D\content\games\action\endless_runner\main.lua","draw"
"C:\Users\tombl\Documents\lurek2D\content\games\action\endless_runner\main.lua","draw_ui"
"C:\Users\tombl\Documents\lurek2D\content\games\action\endless_runner\main.lua","keypressed"
"C:\Users\tombl\Documents\lurek2D\content\games\action\fighting_game\main.lua","init"
"C:\Users\tombl\Documents\lurek2D\content\games\action\fighting_game\main.lua","process"
"C:\Users\tombl\Documents\lurek2D\content\games\action\fighting_game\main.lua","draw"
"C:\Users\tombl\Documents\lurek2D\content\games\action\fighting_game\main.lua","draw_ui"
"C:\Users\tombl\Documents\lurek2D\content\games\action\horde_survivor\main.lua","init"
"C:\Users\tombl\Documents\lurek2D\content\games\action\horde_survivor\main.lua","process"
"C:\Users\tombl\Documents\lurek2D\content\games\action\horde_survivor\main.lua","draw"
"C:\Users\tombl\Documents\lurek2D\content\games\action\horde_survivor\main.lua","draw_ui"
"C:\Users\tombl\Documents\lurek2D\content\games\action\infiltration\main.lua","init"
"C:\Users\tombl\Documents\lurek2D\content\games\action\infiltration\main.lua","process"
"C:\Users\tombl\Documents\lurek2D\content\games\action\infiltration\main.lua","draw"
"C:\Users\tombl\Documents\lurek2D\content\games\action\infiltration\main.lua","draw_ui"
"C:\Users\tombl\Documents\lurek2D\content\games\action\metroidvania\main.lua","init"
"C:\Users\tombl\Documents\lurek2D\content\games\action\metroidvania\main.lua","process"
"C:\Users\tombl\Documents\lurek2D\content\games\action\metroidvania\main.lua","draw"
"C:\Users\tombl\Documents\lurek2D\content\games\action\metroidvania\main.lua","draw_ui"
"C:\Users\tombl\Documents\lurek2D\content\games\action\platformer\main.lua","init"
"C:\Users\tombl\Documents\lurek2D\content\games\action\platformer\main.lua","process"
"C:\Users\tombl\Documents\lurek2D\content\games\action\platformer\main.lua","draw"
"C:\Users\tombl\Documents\lurek2D\content\games\action\platformer\main.lua","draw_ui"
"C:\Users\tombl\Documents\lurek2D\content\games\action\platform_fighter\main.lua","init"
"C:\Users\tombl\Documents\lurek2D\content\games\action\platform_fighter\main.lua","process"
"C:\Users\tombl\Documents\lurek2D\content\games\action\platform_fighter\main.lua","draw"
"C:\Users\tombl\Documents\lurek2D\content\games\action\platform_fighter\main.lua","draw_ui"
"C:\Users\tombl\Documents\lurek2D\content\games\action\roguelite\main.lua","init"
"C:\Users\tombl\Documents\lurek2D\content\games\action\roguelite\main.lua","process"
"C:\Users\tombl\Documents\lurek2D\content\games\action\roguelite\main.lua","draw"
"C:\Users\tombl\Documents\lurek2D\content\games\action\roguelite\main.lua","draw_ui"
"C:\Users\tombl\Documents\lurek2D\content\games\action\sniper\main.lua","init"
"C:\Users\tombl\Documents\lurek2D\content\games\action\sniper\main.lua","process"
"C:\Users\tombl\Documents\lurek2D\content\games\action\sniper\main.lua","draw"
"C:\Users\tombl\Documents\lurek2D\content\games\action\sniper\main.lua","draw_ui"
"C:\Users\tombl\Documents\lurek2D\content\games\action\soulslike\main.lua","init"
"C:\Users\tombl\Documents\lurek2D\content\games\action\soulslike\main.lua","process"
"C:\Users\tombl\Documents\lurek2D\content\games\action\soulslike\main.lua","draw"
"C:\Users\tombl\Documents\lurek2D\content\games\action\soulslike\main.lua","draw_ui"
"C:\Users\tombl\Documents\lurek2D\content\games\action\stealth\main.lua","init"
"C:\Users\tombl\Documents\lurek2D\content\games\action\stealth\main.lua","process"
"C:\Users\tombl\Documents\lurek2D\content\games\action\stealth\main.lua","draw"
"C:\Users\tombl\Documents\lurek2D\content\games\action\stealth\main.lua","draw_ui"
"C:\Users\tombl\Documents\lurek2D\content\games\action\vertical_climber\main.lua","init"
"C:\Users\tombl\Documents\lurek2D\content\games\action\vertical_climber\main.lua","process"
"C:\Users\tombl\Documents\lurek2D\content\games\action\vertical_climber\main.lua","draw"
"C:\Users\tombl\Documents\lurek2D\content\games\action\vertical_climber\main.lua","draw_ui"
"C:\Users\tombl\Documents\lurek2D\content\games\arcade\asteroids\main.lua","init"
"C:\Users\tombl\Documents\lurek2D\content\games\arcade\asteroids\main.lua","process"
"C:\Users\tombl\Documents\lurek2D\content\games\arcade\asteroids\main.lua","draw"
"C:\Users\tombl\Documents\lurek2D\content\games\arcade\asteroids\main.lua","draw_ui"
"C:\Users\tombl\Documents\lurek2D\content\games\arcade\centipede\main.lua","init"
"C:\Users\tombl\Documents\lurek2D\content\games\arcade\centipede\main.lua","process"
"C:\Users\tombl\Documents\lurek2D\content\games\arcade\centipede\main.lua","draw"
"C:\Users\tombl\Documents\lurek2D\content\games\arcade\centipede\main.lua","draw_ui"
"C:\Users\tombl\Documents\lurek2D\content\games\arcade\centipede\main.lua","keypressed"
"C:\Users\tombl\Documents\lurek2D\content\games\arcade\donkey_kong\main.lua","init"
"C:\Users\tombl\Documents\lurek2D\content\games\arcade\donkey_kong\main.lua","process"
"C:\Users\tombl\Documents\lurek2D\content\games\arcade\donkey_kong\main.lua","draw"
"C:\Users\tombl\Documents\lurek2D\content\games\arcade\donkey_kong\main.lua","draw_ui"
"C:\Users\tombl\Documents\lurek2D\content\games\arcade\frogger\main.lua","init"
"C:\Users\tombl\Documents\lurek2D\content\games\arcade\frogger\main.lua","process"
"C:\Users\tombl\Documents\lurek2D\content\games\arcade\frogger\main.lua","draw"
"C:\Users\tombl\Documents\lurek2D\content\games\arcade\frogger\main.lua","draw_ui"
"C:\Users\tombl\Documents\lurek2D\content\games\arcade\frogger\main.lua","keypressed"
"C:\Users\tombl\Documents\lurek2D\content\games\arcade\galaga\main.lua","init"
"C:\Users\tombl\Documents\lurek2D\content\games\arcade\galaga\main.lua","process"
"C:\Users\tombl\Documents\lurek2D\content\games\arcade\galaga\main.lua","draw"
"C:\Users\tombl\Documents\lurek2D\content\games\arcade\galaga\main.lua","draw_ui"
"C:\Users\tombl\Documents\lurek2D\content\games\arcade\pac_man\main.lua","init"
"C:\Users\tombl\Documents\lurek2D\content\games\arcade\pac_man\main.lua","process"
"C:\Users\tombl\Documents\lurek2D\content\games\arcade\pac_man\main.lua","draw"
"C:\Users\tombl\Documents\lurek2D\content\games\arcade\pac_man\main.lua","draw_ui"
"C:\Users\tombl\Documents\lurek2D\content\games\arcade\pong\main.lua","init"
"C:\Users\tombl\Documents\lurek2D\content\games\arcade\pong\main.lua","process"
"C:\Users\tombl\Documents\lurek2D\content\games\arcade\pong\main.lua","draw"
"C:\Users\tombl\Documents\lurek2D\content\games\arcade\pong\main.lua","draw_ui"
"C:\Users\tombl\Documents\lurek2D\content\games\arcade\pong\main.lua","keypressed"
"C:\Users\tombl\Documents\lurek2D\content\games\arcade\snake\main.lua","init"
"C:\Users\tombl\Documents\lurek2D\content\games\arcade\snake\main.lua","keypressed"
"C:\Users\tombl\Documents\lurek2D\content\games\arcade\snake\main.lua","process"
"C:\Users\tombl\Documents\lurek2D\content\games\arcade\snake\main.lua","draw"
"C:\Users\tombl\Documents\lurek2D\content\games\arcade\snake\main.lua","draw_ui"
"C:\Users\tombl\Documents\lurek2D\content\games\arcade\space_invaders\main.lua","init"
"C:\Users\tombl\Documents\lurek2D\content\games\arcade\space_invaders\main.lua","process"
"C:\Users\tombl\Documents\lurek2D\content\games\arcade\space_invaders\main.lua","draw"
"C:\Users\tombl\Documents\lurek2D\content\games\arcade\space_invaders\main.lua","draw_ui"
"C:\Users\tombl\Documents\lurek2D\content\games\arcade\tetris\main.lua","init"
"C:\Users\tombl\Documents\lurek2D\content\games\arcade\tetris\main.lua","process"
"C:\Users\tombl\Documents\lurek2D\content\games\arcade\tetris\main.lua","draw"
"C:\Users\tombl\Documents\lurek2D\content\games\arcade\tetris\main.lua","draw_ui"
"C:\Users\tombl\Documents\lurek2D\content\games\retro\another_world\main.lua","init"
"C:\Users\tombl\Documents\lurek2D\content\games\retro\another_world\main.lua","process"
"C:\Users\tombl\Documents\lurek2D\content\games\retro\another_world\main.lua","draw"
"C:\Users\tombl\Documents\lurek2D\content\games\retro\another_world\main.lua","draw_ui"
"C:\Users\tombl\Documents\lurek2D\content\games\retro\boulder_dash\main.lua","init"
"C:\Users\tombl\Documents\lurek2D\content\games\retro\boulder_dash\main.lua","process"
"C:\Users\tombl\Documents\lurek2D\content\games\retro\boulder_dash\main.lua","draw"
"C:\Users\tombl\Documents\lurek2D\content\games\retro\boulder_dash\main.lua","draw_ui"
"C:\Users\tombl\Documents\lurek2D\content\games\retro\cannon_fodder\main.lua","init"
"C:\Users\tombl\Documents\lurek2D\content\games\retro\cannon_fodder\main.lua","process"
"C:\Users\tombl\Documents\lurek2D\content\games\retro\cannon_fodder\main.lua","draw"
"C:\Users\tombl\Documents\lurek2D\content\games\retro\cannon_fodder\main.lua","draw_ui"
"C:\Users\tombl\Documents\lurek2D\content\games\retro\commando\main.lua","init"
"C:\Users\tombl\Documents\lurek2D\content\games\retro\commando\main.lua","process"
"C:\Users\tombl\Documents\lurek2D\content\games\retro\commando\main.lua","draw"
"C:\Users\tombl\Documents\lurek2D\content\games\retro\commando\main.lua","draw_ui"
"C:\Users\tombl\Documents\lurek2D\content\games\retro\dungeon_crawler\main.lua","init"
"C:\Users\tombl\Documents\lurek2D\content\games\retro\dungeon_crawler\main.lua","keypressed"
"C:\Users\tombl\Documents\lurek2D\content\games\retro\dungeon_crawler\main.lua","process"
"C:\Users\tombl\Documents\lurek2D\content\games\retro\dungeon_crawler\main.lua","draw"
"C:\Users\tombl\Documents\lurek2D\content\games\retro\dungeon_crawler\main.lua","draw_ui"
"C:\Users\tombl\Documents\lurek2D\content\games\retro\giana_sisters\main.lua","init"
"C:\Users\tombl\Documents\lurek2D\content\games\retro\giana_sisters\main.lua","process"
"C:\Users\tombl\Documents\lurek2D\content\games\retro\giana_sisters\main.lua","draw"
"C:\Users\tombl\Documents\lurek2D\content\games\retro\giana_sisters\main.lua","draw_ui"
"C:\Users\tombl\Documents\lurek2D\content\games\retro\lemmings\main.lua","init"
"C:\Users\tombl\Documents\lurek2D\content\games\retro\lemmings\main.lua","process"
"C:\Users\tombl\Documents\lurek2D\content\games\retro\lemmings\main.lua","draw"
"C:\Users\tombl\Documents\lurek2D\content\games\retro\lemmings\main.lua","draw_ui"
"C:\Users\tombl\Documents\lurek2D\content\games\retro\paradroid\main.lua","init"
"C:\Users\tombl\Documents\lurek2D\content\games\retro\paradroid\main.lua","process"
"C:\Users\tombl\Documents\lurek2D\content\games\retro\paradroid\main.lua","draw"
"C:\Users\tombl\Documents\lurek2D\content\games\retro\paradroid\main.lua","draw_ui"
"C:\Users\tombl\Documents\lurek2D\content\games\retro\raycaster_fps\main.lua","init"
"C:\Users\tombl\Documents\lurek2D\content\games\retro\raycaster_fps\main.lua","process"
"C:\Users\tombl\Documents\lurek2D\content\games\retro\raycaster_fps\main.lua","draw"
"C:\Users\tombl\Documents\lurek2D\content\games\retro\raycaster_fps\main.lua","draw_ui"
"C:\Users\tombl\Documents\lurek2D\content\games\retro\sensible_soccer\main.lua","init"
"C:\Users\tombl\Documents\lurek2D\content\games\retro\sensible_soccer\main.lua","process"
"C:\Users\tombl\Documents\lurek2D\content\games\retro\sensible_soccer\main.lua","draw"
"C:\Users\tombl\Documents\lurek2D\content\games\retro\sensible_soccer\main.lua","draw_ui"
"C:\Users\tombl\Documents\lurek2D\content\games\retro\sensible_soccer\main.lua","keypressed"
"C:\Users\tombl\Documents\lurek2D\content\games\retro\shadow_beast\main.lua","init"
"C:\Users\tombl\Documents\lurek2D\content\games\retro\shadow_beast\main.lua","process"
"C:\Users\tombl\Documents\lurek2D\content\games\retro\shadow_beast\main.lua","draw"
"C:\Users\tombl\Documents\lurek2D\content\games\retro\shadow_beast\main.lua","draw_ui"
"C:\Users\tombl\Documents\lurek2D\content\games\retro\turrican\main.lua","init"
"C:\Users\tombl\Documents\lurek2D\content\games\retro\turrican\main.lua","process"
"C:\Users\tombl\Documents\lurek2D\content\games\retro\turrican\main.lua","draw"
"C:\Users\tombl\Documents\lurek2D\content\games\retro\turrican\main.lua","draw_ui"
"C:\Users\tombl\Documents\lurek2D\content\games\rpg\adventure\main.lua","init"
"C:\Users\tombl\Documents\lurek2D\content\games\rpg\adventure\main.lua","process"
"C:\Users\tombl\Documents\lurek2D\content\games\rpg\adventure\main.lua","draw"
"C:\Users\tombl\Documents\lurek2D\content\games\rpg\adventure\main.lua","draw_ui"
"C:\Users\tombl\Documents\lurek2D\content\games\rpg\alchemy\main.lua","init"
"C:\Users\tombl\Documents\lurek2D\content\games\rpg\alchemy\main.lua","process"
"C:\Users\tombl\Documents\lurek2D\content\games\rpg\alchemy\main.lua","draw"
"C:\Users\tombl\Documents\lurek2D\content\games\rpg\alchemy\main.lua","draw_ui"
"C:\Users\tombl\Documents\lurek2D\content\games\rpg\courtroom\main.lua","init"
"C:\Users\tombl\Documents\lurek2D\content\games\rpg\courtroom\main.lua","process"
"C:\Users\tombl\Documents\lurek2D\content\games\rpg\courtroom\main.lua","draw"
"C:\Users\tombl\Documents\lurek2D\content\games\rpg\courtroom\main.lua","draw_ui"
"C:\Users\tombl\Documents\lurek2D\content\games\rpg\creature_collector\main.lua","init"
"C:\Users\tombl\Documents\lurek2D\content\games\rpg\creature_collector\main.lua","process"
"C:\Users\tombl\Documents\lurek2D\content\games\rpg\creature_collector\main.lua","draw"
"C:\Users\tombl\Documents\lurek2D\content\games\rpg\creature_collector\main.lua","draw_ui"
"C:\Users\tombl\Documents\lurek2D\content\games\rpg\dialog_demo\main.lua","init"
"C:\Users\tombl\Documents\lurek2D\content\games\rpg\dialog_demo\main.lua","process"
"C:\Users\tombl\Documents\lurek2D\content\games\rpg\dialog_demo\main.lua","draw"
"C:\Users\tombl\Documents\lurek2D\content\games\rpg\dialog_demo\main.lua","draw_ui"
"C:\Users\tombl\Documents\lurek2D\content\games\rpg\dungeon_eye\main.lua","init"
"C:\Users\tombl\Documents\lurek2D\content\games\rpg\dungeon_eye\main.lua","update"
"C:\Users\tombl\Documents\lurek2D\content\games\rpg\dungeon_eye\main.lua","process"
"C:\Users\tombl\Documents\lurek2D\content\games\rpg\dungeon_eye\main.lua","draw"
"C:\Users\tombl\Documents\lurek2D\content\games\rpg\dungeon_eye\main.lua","keypressed"
"C:\Users\tombl\Documents\lurek2D\content\games\rpg\horror\main.lua","init"
"C:\Users\tombl\Documents\lurek2D\content\games\rpg\horror\main.lua","process"
"C:\Users\tombl\Documents\lurek2D\content\games\rpg\horror\main.lua","draw"
"C:\Users\tombl\Documents\lurek2D\content\games\rpg\horror\main.lua","draw_ui"
"C:\Users\tombl\Documents\lurek2D\content\games\rpg\loot_rpg\main.lua","init"
"C:\Users\tombl\Documents\lurek2D\content\games\rpg\loot_rpg\main.lua","process"
"C:\Users\tombl\Documents\lurek2D\content\games\rpg\loot_rpg\main.lua","draw"
"C:\Users\tombl\Documents\lurek2D\content\games\rpg\loot_rpg\main.lua","draw_ui"
"C:\Users\tombl\Documents\lurek2D\content\games\rpg\loot_rpg_demo\main.lua","init"
"C:\Users\tombl\Documents\lurek2D\content\games\rpg\loot_rpg_demo\main.lua","process"
"C:\Users\tombl\Documents\lurek2D\content\games\rpg\loot_rpg_demo\main.lua","draw"
"C:\Users\tombl\Documents\lurek2D\content\games\rpg\loot_rpg_demo\main.lua","draw_ui"
"C:\Users\tombl\Documents\lurek2D\content\games\rpg\merchant\main.lua","init"
"C:\Users\tombl\Documents\lurek2D\content\games\rpg\merchant\main.lua","process"
"C:\Users\tombl\Documents\lurek2D\content\games\rpg\merchant\main.lua","draw"
"C:\Users\tombl\Documents\lurek2D\content\games\rpg\merchant\main.lua","draw_ui"
"C:\Users\tombl\Documents\lurek2D\content\games\rpg\merchant_demo\main.lua","init"
"C:\Users\tombl\Documents\lurek2D\content\games\rpg\merchant_demo\main.lua","process"
"C:\Users\tombl\Documents\lurek2D\content\games\rpg\merchant_demo\main.lua","draw"
"C:\Users\tombl\Documents\lurek2D\content\games\rpg\merchant_demo\main.lua","draw_ui"
"C:\Users\tombl\Documents\lurek2D\content\games\rpg\roguelike\main.lua","init"
"C:\Users\tombl\Documents\lurek2D\content\games\rpg\roguelike\main.lua","process"
"C:\Users\tombl\Documents\lurek2D\content\games\rpg\roguelike\main.lua","draw"
"C:\Users\tombl\Documents\lurek2D\content\games\rpg\roguelike\main.lua","draw_ui"
"C:\Users\tombl\Documents\lurek2D\content\games\rpg\social_deduction\main.lua","init"
"C:\Users\tombl\Documents\lurek2D\content\games\rpg\social_deduction\main.lua","process"
"C:\Users\tombl\Documents\lurek2D\content\games\rpg\social_deduction\main.lua","draw"
"C:\Users\tombl\Documents\lurek2D\content\games\rpg\social_deduction\main.lua","draw_ui"
"C:\Users\tombl\Documents\lurek2D\content\games\rpg\star_voyage\main.lua","init"
"C:\Users\tombl\Documents\lurek2D\content\games\rpg\star_voyage\main.lua","update"
"C:\Users\tombl\Documents\lurek2D\content\games\rpg\star_voyage\main.lua","process"
"C:\Users\tombl\Documents\lurek2D\content\games\rpg\star_voyage\main.lua","draw"
"C:\Users\tombl\Documents\lurek2D\content\games\rpg\star_voyage\main.lua","keypressed"
"C:\Users\tombl\Documents\lurek2D\content\games\rpg\survival_crafting\main.lua","init"
"C:\Users\tombl\Documents\lurek2D\content\games\rpg\survival_crafting\main.lua","process"
"C:\Users\tombl\Documents\lurek2D\content\games\rpg\survival_crafting\main.lua","draw"
"C:\Users\tombl\Documents\lurek2D\content\games\rpg\survival_crafting\main.lua","draw_ui"
"C:\Users\tombl\Documents\lurek2D\content\games\rpg\visual_novel\main.lua","init"
"C:\Users\tombl\Documents\lurek2D\content\games\rpg\visual_novel\main.lua","process"
"C:\Users\tombl\Documents\lurek2D\content\games\rpg\visual_novel\main.lua","draw"
"C:\Users\tombl\Documents\lurek2D\content\games\rpg\visual_novel\main.lua","draw_ui"
"C:\Users\tombl\Documents\lurek2D\content\games\showcase\automation_demo\main.lua","init"
"C:\Users\tombl\Documents\lurek2D\content\games\showcase\automation_demo\main.lua","process"
"C:\Users\tombl\Documents\lurek2D\content\games\showcase\automation_demo\main.lua","draw"
"C:\Users\tombl\Documents\lurek2D\content\games\showcase\automation_demo\main.lua","draw_ui"
"C:\Users\tombl\Documents\lurek2D\content\games\showcase\debugbridge_demo\main.lua","init"
"C:\Users\tombl\Documents\lurek2D\content\games\showcase\debugbridge_demo\main.lua","process"
"C:\Users\tombl\Documents\lurek2D\content\games\showcase\debugbridge_demo\main.lua","draw"
"C:\Users\tombl\Documents\lurek2D\content\games\showcase\debugbridge_demo\main.lua","draw_ui"
"C:\Users\tombl\Documents\lurek2D\content\games\showcase\demo_game\main.lua","init"
"C:\Users\tombl\Documents\lurek2D\content\games\showcase\demo_game\main.lua","process"
"C:\Users\tombl\Documents\lurek2D\content\games\showcase\demo_game\main.lua","draw"
"C:\Users\tombl\Documents\lurek2D\content\games\showcase\demo_game\main.lua","draw_ui"
"C:\Users\tombl\Documents\lurek2D\content\games\showcase\devtools_demo\main.lua","init"
"C:\Users\tombl\Documents\lurek2D\content\games\showcase\devtools_demo\main.lua","process"
"C:\Users\tombl\Documents\lurek2D\content\games\showcase\devtools_demo\main.lua","draw"
"C:\Users\tombl\Documents\lurek2D\content\games\showcase\devtools_demo\main.lua","draw_ui"
"C:\Users\tombl\Documents\lurek2D\content\games\showcase\docs_demo\main.lua","init"
"C:\Users\tombl\Documents\lurek2D\content\games\showcase\docs_demo\main.lua","process"
"C:\Users\tombl\Documents\lurek2D\content\games\showcase\docs_demo\main.lua","draw"
"C:\Users\tombl\Documents\lurek2D\content\games\showcase\docs_demo\main.lua","draw_ui"
"C:\Users\tombl\Documents\lurek2D\content\games\showcase\docs_demo\main.lua","keypressed"
"C:\Users\tombl\Documents\lurek2D\content\games\showcase\docs_demo\main.lua","textinput"
"C:\Users\tombl\Documents\lurek2D\content\games\showcase\entity_showcase\main.lua","init"
"C:\Users\tombl\Documents\lurek2D\content\games\showcase\entity_showcase\main.lua","process"
"C:\Users\tombl\Documents\lurek2D\content\games\showcase\entity_showcase\main.lua","draw"
"C:\Users\tombl\Documents\lurek2D\content\games\showcase\entity_showcase\main.lua","draw_ui"
"C:\Users\tombl\Documents\lurek2D\content\games\showcase\globe_demo\main.lua","draw"
"C:\Users\tombl\Documents\lurek2D\content\games\showcase\globe_demo\main.lua","init"
"C:\Users\tombl\Documents\lurek2D\content\games\showcase\globe_demo\main.lua","process"
"C:\Users\tombl\Documents\lurek2D\content\games\showcase\globe_demo\main.lua","draw"
"C:\Users\tombl\Documents\lurek2D\content\games\showcase\hacking_game\main.lua","init"
"C:\Users\tombl\Documents\lurek2D\content\games\showcase\hacking_game\main.lua","process"
"C:\Users\tombl\Documents\lurek2D\content\games\showcase\hacking_game\main.lua","textinput"
"C:\Users\tombl\Documents\lurek2D\content\games\showcase\hacking_game\main.lua","keypressed"
"C:\Users\tombl\Documents\lurek2D\content\games\showcase\hacking_game\main.lua","draw"
"C:\Users\tombl\Documents\lurek2D\content\games\showcase\hacking_game\main.lua","draw_ui"
"C:\Users\tombl\Documents\lurek2D\content\games\showcase\hello_world\main.lua","init"
"C:\Users\tombl\Documents\lurek2D\content\games\showcase\hello_world\main.lua","process"
"C:\Users\tombl\Documents\lurek2D\content\games\showcase\hello_world\main.lua","draw"
"C:\Users\tombl\Documents\lurek2D\content\games\showcase\hello_world\main.lua","draw_ui"
"C:\Users\tombl\Documents\lurek2D\content\games\showcase\html-dialog\main.lua","init"
"C:\Users\tombl\Documents\lurek2D\content\games\showcase\html-dialog\main.lua","process"
"C:\Users\tombl\Documents\lurek2D\content\games\showcase\html-dialog\main.lua","draw"
"C:\Users\tombl\Documents\lurek2D\content\games\showcase\html-dialog\main.lua","mousepressed"
"C:\Users\tombl\Documents\lurek2D\content\games\showcase\html-dialog\main.lua","mousereleased"
"C:\Users\tombl\Documents\lurek2D\content\games\showcase\html-dialog\main.lua","mousemoved"
"C:\Users\tombl\Documents\lurek2D\content\games\showcase\html-dialog\main.lua","resize"
"C:\Users\tombl\Documents\lurek2D\content\games\showcase\html-hud\main.lua","init"
"C:\Users\tombl\Documents\lurek2D\content\games\showcase\html-hud\main.lua","process"
"C:\Users\tombl\Documents\lurek2D\content\games\showcase\html-hud\main.lua","draw"
"C:\Users\tombl\Documents\lurek2D\content\games\showcase\html-hud\main.lua","mousemoved"
"C:\Users\tombl\Documents\lurek2D\content\games\showcase\html-hud\main.lua","mousepressed"
"C:\Users\tombl\Documents\lurek2D\content\games\showcase\html-hud\main.lua","mousereleased"
"C:\Users\tombl\Documents\lurek2D\content\games\showcase\html-hud\main.lua","resize"
"C:\Users\tombl\Documents\lurek2D\content\games\showcase\html-inventory\main.lua","init"
"C:\Users\tombl\Documents\lurek2D\content\games\showcase\html-inventory\main.lua","process"
"C:\Users\tombl\Documents\lurek2D\content\games\showcase\html-inventory\main.lua","draw"
"C:\Users\tombl\Documents\lurek2D\content\games\showcase\html-inventory\main.lua","mousemoved"
"C:\Users\tombl\Documents\lurek2D\content\games\showcase\html-inventory\main.lua","mousepressed"
"C:\Users\tombl\Documents\lurek2D\content\games\showcase\html-inventory\main.lua","mousereleased"
"C:\Users\tombl\Documents\lurek2D\content\games\showcase\html-inventory\main.lua","resize"
"C:\Users\tombl\Documents\lurek2D\content\games\showcase\html-load-document\main.lua","init"
"C:\Users\tombl\Documents\lurek2D\content\games\showcase\html-load-document\main.lua","process"
"C:\Users\tombl\Documents\lurek2D\content\games\showcase\html-load-document\main.lua","draw"
"C:\Users\tombl\Documents\lurek2D\content\games\showcase\html-load-document\main.lua","mousemoved"
"C:\Users\tombl\Documents\lurek2D\content\games\showcase\html-load-document\main.lua","mousepressed"
"C:\Users\tombl\Documents\lurek2D\content\games\showcase\html-load-document\main.lua","mousereleased"
"C:\Users\tombl\Documents\lurek2D\content\games\showcase\html-load-document\main.lua","keypressed"
"C:\Users\tombl\Documents\lurek2D\content\games\showcase\html-load-document\main.lua","textinput"
"C:\Users\tombl\Documents\lurek2D\content\games\showcase\html-load-document\main.lua","wheelmoved"
"C:\Users\tombl\Documents\lurek2D\content\games\showcase\html-load-document\main.lua","resize"
"C:\Users\tombl\Documents\lurek2D\content\games\showcase\html-scoreboard\main.lua","init"
"C:\Users\tombl\Documents\lurek2D\content\games\showcase\html-scoreboard\main.lua","process"
"C:\Users\tombl\Documents\lurek2D\content\games\showcase\html-scoreboard\main.lua","draw"
"C:\Users\tombl\Documents\lurek2D\content\games\showcase\html-scoreboard\main.lua","mousemoved"
"C:\Users\tombl\Documents\lurek2D\content\games\showcase\html-scoreboard\main.lua","mousepressed"
"C:\Users\tombl\Documents\lurek2D\content\games\showcase\html-scoreboard\main.lua","mousereleased"
"C:\Users\tombl\Documents\lurek2D\content\games\showcase\html-scoreboard\main.lua","resize"
"C:\Users\tombl\Documents\lurek2D\content\games\showcase\html-settings\main.lua","init"
"C:\Users\tombl\Documents\lurek2D\content\games\showcase\html-settings\main.lua","process"
"C:\Users\tombl\Documents\lurek2D\content\games\showcase\html-settings\main.lua","draw"
"C:\Users\tombl\Documents\lurek2D\content\games\showcase\html-settings\main.lua","mousemoved"
"C:\Users\tombl\Documents\lurek2D\content\games\showcase\html-settings\main.lua","mousepressed"
"C:\Users\tombl\Documents\lurek2D\content\games\showcase\html-settings\main.lua","mousereleased"
"C:\Users\tombl\Documents\lurek2D\content\games\showcase\html-settings\main.lua","wheelmoved"
"C:\Users\tombl\Documents\lurek2D\content\games\showcase\html-settings\main.lua","keypressed"
"C:\Users\tombl\Documents\lurek2D\content\games\showcase\html-settings\main.lua","textinput"
"C:\Users\tombl\Documents\lurek2D\content\games\showcase\html-settings\main.lua","resize"
"C:\Users\tombl\Documents\lurek2D\content\games\showcase\light_demo\main.lua","init"
"C:\Users\tombl\Documents\lurek2D\content\games\showcase\light_demo\main.lua","process"
"C:\Users\tombl\Documents\lurek2D\content\games\showcase\light_demo\main.lua","draw"
"C:\Users\tombl\Documents\lurek2D\content\games\showcase\light_demo\main.lua","draw_ui"
"C:\Users\tombl\Documents\lurek2D\content\games\showcase\light_showcase\main.lua","init"
"C:\Users\tombl\Documents\lurek2D\content\games\showcase\light_showcase\main.lua","process"
"C:\Users\tombl\Documents\lurek2D\content\games\showcase\light_showcase\main.lua","draw"
"C:\Users\tombl\Documents\lurek2D\content\games\showcase\light_showcase\main.lua","draw_ui"
"C:\Users\tombl\Documents\lurek2D\content\games\showcase\localization_demo\main.lua","init"
"C:\Users\tombl\Documents\lurek2D\content\games\showcase\localization_demo\main.lua","process"
"C:\Users\tombl\Documents\lurek2D\content\games\showcase\localization_demo\main.lua","draw"
"C:\Users\tombl\Documents\lurek2D\content\games\showcase\localization_demo\main.lua","draw_ui"
"C:\Users\tombl\Documents\lurek2D\content\games\showcase\minimap_demo\main.lua","init"
"C:\Users\tombl\Documents\lurek2D\content\games\showcase\minimap_demo\main.lua","process"
"C:\Users\tombl\Documents\lurek2D\content\games\showcase\minimap_demo\main.lua","draw"
"C:\Users\tombl\Documents\lurek2D\content\games\showcase\minimap_demo\main.lua","draw_ui"
"C:\Users\tombl\Documents\lurek2D\content\games\showcase\modding_demo\main.lua","init"
"C:\Users\tombl\Documents\lurek2D\content\games\showcase\modding_demo\main.lua","process"
"C:\Users\tombl\Documents\lurek2D\content\games\showcase\modding_demo\main.lua","draw"
"C:\Users\tombl\Documents\lurek2D\content\games\showcase\modding_demo\main.lua","draw_ui"
"C:\Users\tombl\Documents\lurek2D\content\games\showcase\music_composer\main.lua","init"
"C:\Users\tombl\Documents\lurek2D\content\games\showcase\music_composer\main.lua","process"
"C:\Users\tombl\Documents\lurek2D\content\games\showcase\music_composer\main.lua","draw"
"C:\Users\tombl\Documents\lurek2D\content\games\showcase\music_composer\main.lua","draw_ui"
"C:\Users\tombl\Documents\lurek2D\content\games\showcase\nine_slice_demo\main.lua","init"
"C:\Users\tombl\Documents\lurek2D\content\games\showcase\nine_slice_demo\main.lua","process"
"C:\Users\tombl\Documents\lurek2D\content\games\showcase\nine_slice_demo\main.lua","draw"
"C:\Users\tombl\Documents\lurek2D\content\games\showcase\nine_slice_demo\main.lua","draw_ui"
"C:\Users\tombl\Documents\lurek2D\content\games\showcase\overlay_demo\main.lua","init"
"C:\Users\tombl\Documents\lurek2D\content\games\showcase\overlay_demo\main.lua","process"
"C:\Users\tombl\Documents\lurek2D\content\games\showcase\overlay_demo\main.lua","draw"
"C:\Users\tombl\Documents\lurek2D\content\games\showcase\overlay_demo\main.lua","draw_ui"
"C:\Users\tombl\Documents\lurek2D\content\games\showcase\particles_demo\main.lua","init"
"C:\Users\tombl\Documents\lurek2D\content\games\showcase\particles_demo\main.lua","process"
"C:\Users\tombl\Documents\lurek2D\content\games\showcase\particles_demo\main.lua","draw"
"C:\Users\tombl\Documents\lurek2D\content\games\showcase\particles_demo\main.lua","draw_ui"
"C:\Users\tombl\Documents\lurek2D\content\games\showcase\patterns_demo\main.lua","init"
"C:\Users\tombl\Documents\lurek2D\content\games\showcase\patterns_demo\main.lua","process"
"C:\Users\tombl\Documents\lurek2D\content\games\showcase\patterns_demo\main.lua","draw"
"C:\Users\tombl\Documents\lurek2D\content\games\showcase\patterns_demo\main.lua","draw_ui"
"C:\Users\tombl\Documents\lurek2D\content\games\showcase\pipeline_showcase\main.lua","init"
"C:\Users\tombl\Documents\lurek2D\content\games\showcase\pipeline_showcase\main.lua","process"
"C:\Users\tombl\Documents\lurek2D\content\games\showcase\pipeline_showcase\main.lua","process_physics"
"C:\Users\tombl\Documents\lurek2D\content\games\showcase\pipeline_showcase\main.lua","process_late"
"C:\Users\tombl\Documents\lurek2D\content\games\showcase\pipeline_showcase\main.lua","draw"
"C:\Users\tombl\Documents\lurek2D\content\games\showcase\pipeline_showcase\main.lua","draw_ui"
"C:\Users\tombl\Documents\lurek2D\content\games\showcase\postfx_demo\main.lua","init"
"C:\Users\tombl\Documents\lurek2D\content\games\showcase\postfx_demo\main.lua","process"
"C:\Users\tombl\Documents\lurek2D\content\games\showcase\postfx_demo\main.lua","draw"
"C:\Users\tombl\Documents\lurek2D\content\games\showcase\postfx_demo\main.lua","draw_ui"
"C:\Users\tombl\Documents\lurek2D\content\games\showcase\province_demo\main.lua","init"
"C:\Users\tombl\Documents\lurek2D\content\games\showcase\province_demo\main.lua","process"
"C:\Users\tombl\Documents\lurek2D\content\games\showcase\province_demo\main.lua","draw"
"C:\Users\tombl\Documents\lurek2D\content\games\showcase\province_demo\main.lua","draw_ui"
"C:\Users\tombl\Documents\lurek2D\content\games\showcase\scene_demo\main.lua","init"
"C:\Users\tombl\Documents\lurek2D\content\games\showcase\scene_demo\main.lua","process"
"C:\Users\tombl\Documents\lurek2D\content\games\showcase\scene_demo\main.lua","draw"
"C:\Users\tombl\Documents\lurek2D\content\games\showcase\scene_demo\main.lua","draw_ui"
"C:\Users\tombl\Documents\lurek2D\content\games\showcase\signal_demo\main.lua","init"
"C:\Users\tombl\Documents\lurek2D\content\games\showcase\signal_demo\main.lua","process"
"C:\Users\tombl\Documents\lurek2D\content\games\showcase\signal_demo\main.lua","draw"
"C:\Users\tombl\Documents\lurek2D\content\games\showcase\signal_demo\main.lua","draw_ui"
"C:\Users\tombl\Documents\lurek2D\content\games\showcase\sprites\main.lua","init"
"C:\Users\tombl\Documents\lurek2D\content\games\showcase\sprites\main.lua","process"
"C:\Users\tombl\Documents\lurek2D\content\games\showcase\sprites\main.lua","draw"
"C:\Users\tombl\Documents\lurek2D\content\games\showcase\sprites\main.lua","draw_ui"
"C:\Users\tombl\Documents\lurek2D\content\games\showcase\terminal_demo\main.lua","init"
"C:\Users\tombl\Documents\lurek2D\content\games\showcase\terminal_demo\main.lua","resize"
"C:\Users\tombl\Documents\lurek2D\content\games\showcase\terminal_demo\main.lua","draw"
"C:\Users\tombl\Documents\lurek2D\content\games\showcase\terminal_demo\main.lua","process"
"C:\Users\tombl\Documents\lurek2D\content\games\showcase\terminal_demo\main.lua","keypressed"
"C:\Users\tombl\Documents\lurek2D\content\games\showcase\terminal_demo\main.lua","textinput"
"C:\Users\tombl\Documents\lurek2D\content\games\showcase\terminal_demo\main.lua","mousepressed"
"C:\Users\tombl\Documents\lurek2D\content\games\showcase\tween_demo\main.lua","init"
"C:\Users\tombl\Documents\lurek2D\content\games\showcase\tween_demo\main.lua","process"
"C:\Users\tombl\Documents\lurek2D\content\games\showcase\tween_demo\main.lua","draw"
"C:\Users\tombl\Documents\lurek2D\content\games\showcase\tween_demo\main.lua","draw_ui"
"C:\Users\tombl\Documents\lurek2D\content\games\showcase\vending_lights\main.lua","init"
"C:\Users\tombl\Documents\lurek2D\content\games\showcase\vending_lights\main.lua","process"
"C:\Users\tombl\Documents\lurek2D\content\games\showcase\vending_lights\main.lua","draw"
"C:\Users\tombl\Documents\lurek2D\content\games\simulation\colony_sim\main.lua","init"
"C:\Users\tombl\Documents\lurek2D\content\games\simulation\colony_sim\main.lua","process"
"C:\Users\tombl\Documents\lurek2D\content\games\simulation\colony_sim\main.lua","draw"
"C:\Users\tombl\Documents\lurek2D\content\games\simulation\colony_sim\main.lua","draw_ui"
"C:\Users\tombl\Documents\lurek2D\content\games\simulation\cooking_sim\main.lua","init"
"C:\Users\tombl\Documents\lurek2D\content\games\simulation\cooking_sim\main.lua","process"
"C:\Users\tombl\Documents\lurek2D\content\games\simulation\cooking_sim\main.lua","draw"
"C:\Users\tombl\Documents\lurek2D\content\games\simulation\cooking_sim\main.lua","draw_ui"
"C:\Users\tombl\Documents\lurek2D\content\games\simulation\factory\main.lua","init"
"C:\Users\tombl\Documents\lurek2D\content\games\simulation\factory\main.lua","process"
"C:\Users\tombl\Documents\lurek2D\content\games\simulation\factory\main.lua","draw"
"C:\Users\tombl\Documents\lurek2D\content\games\simulation\factory\main.lua","draw_ui"
"C:\Users\tombl\Documents\lurek2D\content\games\simulation\farming_sim\main.lua","init"
"C:\Users\tombl\Documents\lurek2D\content\games\simulation\farming_sim\main.lua","process"
"C:\Users\tombl\Documents\lurek2D\content\games\simulation\farming_sim\main.lua","draw"
"C:\Users\tombl\Documents\lurek2D\content\games\simulation\farming_sim\main.lua","draw_ui"
"C:\Users\tombl\Documents\lurek2D\content\games\simulation\god_game\main.lua","init"
"C:\Users\tombl\Documents\lurek2D\content\games\simulation\god_game\main.lua","process"
"C:\Users\tombl\Documents\lurek2D\content\games\simulation\god_game\main.lua","draw"
"C:\Users\tombl\Documents\lurek2D\content\games\simulation\god_game\main.lua","draw_ui"
"C:\Users\tombl\Documents\lurek2D\content\games\simulation\hotel_manager\main.lua","init"
"C:\Users\tombl\Documents\lurek2D\content\games\simulation\hotel_manager\main.lua","process"
"C:\Users\tombl\Documents\lurek2D\content\games\simulation\hotel_manager\main.lua","draw"
"C:\Users\tombl\Documents\lurek2D\content\games\simulation\hotel_manager\main.lua","draw_ui"
"C:\Users\tombl\Documents\lurek2D\content\games\simulation\idle_game\main.lua","init"
"C:\Users\tombl\Documents\lurek2D\content\games\simulation\idle_game\main.lua","process"
"C:\Users\tombl\Documents\lurek2D\content\games\simulation\idle_game\main.lua","draw"
"C:\Users\tombl\Documents\lurek2D\content\games\simulation\idle_game\main.lua","draw_ui"
"C:\Users\tombl\Documents\lurek2D\content\games\simulation\medical_sim\main.lua","init"
"C:\Users\tombl\Documents\lurek2D\content\games\simulation\medical_sim\main.lua","process"
"C:\Users\tombl\Documents\lurek2D\content\games\simulation\medical_sim\main.lua","draw"
"C:\Users\tombl\Documents\lurek2D\content\games\simulation\medical_sim\main.lua","draw_ui"
"C:\Users\tombl\Documents\lurek2D\content\games\simulation\mining\main.lua","init"
"C:\Users\tombl\Documents\lurek2D\content\games\simulation\mining\main.lua","process"
"C:\Users\tombl\Documents\lurek2D\content\games\simulation\mining\main.lua","draw"
"C:\Users\tombl\Documents\lurek2D\content\games\simulation\mining\main.lua","draw_ui"
"C:\Users\tombl\Documents\lurek2D\content\games\simulation\physics_demo\main.lua","init"
"C:\Users\tombl\Documents\lurek2D\content\games\simulation\physics_demo\main.lua","keypressed"
"C:\Users\tombl\Documents\lurek2D\content\games\simulation\physics_demo\main.lua","mousepressed"
"C:\Users\tombl\Documents\lurek2D\content\games\simulation\physics_demo\main.lua","process"
"C:\Users\tombl\Documents\lurek2D\content\games\simulation\physics_demo\main.lua","draw"
"C:\Users\tombl\Documents\lurek2D\content\games\simulation\physics_demo\main.lua","draw_ui"
"C:\Users\tombl\Documents\lurek2D\content\games\simulation\physics_sandbox\main.lua","init"
"C:\Users\tombl\Documents\lurek2D\content\games\simulation\physics_sandbox\main.lua","process"
"C:\Users\tombl\Documents\lurek2D\content\games\simulation\physics_sandbox\main.lua","draw"
"C:\Users\tombl\Documents\lurek2D\content\games\simulation\physics_sandbox\main.lua","draw_ui"
"C:\Users\tombl\Documents\lurek2D\content\games\simulation\railroad\main.lua","init"
"C:\Users\tombl\Documents\lurek2D\content\games\simulation\railroad\main.lua","process"
"C:\Users\tombl\Documents\lurek2D\content\games\simulation\railroad\main.lua","draw"
"C:\Users\tombl\Documents\lurek2D\content\games\simulation\railroad\main.lua","draw_ui"
"C:\Users\tombl\Documents\lurek2D\content\games\simulation\settlers_rise\main.lua","init"
"C:\Users\tombl\Documents\lurek2D\content\games\simulation\settlers_rise\main.lua","update"
"C:\Users\tombl\Documents\lurek2D\content\games\simulation\settlers_rise\main.lua","process"
"C:\Users\tombl\Documents\lurek2D\content\games\simulation\settlers_rise\main.lua","draw"
"C:\Users\tombl\Documents\lurek2D\content\games\simulation\settlers_rise\main.lua","mousepressed"
"C:\Users\tombl\Documents\lurek2D\content\games\simulation\settlers_rise\main.lua","keypressed"
"C:\Users\tombl\Documents\lurek2D\content\games\simulation\tower_sim\main.lua","init"
"C:\Users\tombl\Documents\lurek2D\content\games\simulation\tower_sim\main.lua","process"
"C:\Users\tombl\Documents\lurek2D\content\games\simulation\tower_sim\main.lua","draw"
"C:\Users\tombl\Documents\lurek2D\content\games\simulation\tower_sim\main.lua","draw_ui"
"C:\Users\tombl\Documents\lurek2D\content\games\simulation\tycoon\main.lua","init"
"C:\Users\tombl\Documents\lurek2D\content\games\simulation\tycoon\main.lua","process"
"C:\Users\tombl\Documents\lurek2D\content\games\simulation\tycoon\main.lua","draw"
"C:\Users\tombl\Documents\lurek2D\content\games\simulation\tycoon\main.lua","draw_ui"
"C:\Users\tombl\Documents\lurek2D\content\games\simulation\vehicle_builder\main.lua","init"
"C:\Users\tombl\Documents\lurek2D\content\games\simulation\vehicle_builder\main.lua","process"
"C:\Users\tombl\Documents\lurek2D\content\games\simulation\vehicle_builder\main.lua","draw"
"C:\Users\tombl\Documents\lurek2D\content\games\simulation\vehicle_builder\main.lua","draw_ui"
"C:\Users\tombl\Documents\lurek2D\content\games\simulation\wildlife_photo\main.lua","init"
"C:\Users\tombl\Documents\lurek2D\content\games\simulation\wildlife_photo\main.lua","process"
"C:\Users\tombl\Documents\lurek2D\content\games\simulation\wildlife_photo\main.lua","draw"
"C:\Users\tombl\Documents\lurek2D\content\games\simulation\wildlife_photo\main.lua","draw_ui"
"C:\Users\tombl\Documents\lurek2D\content\games\simulation\zoo_tycoon\main.lua","init"
"C:\Users\tombl\Documents\lurek2D\content\games\simulation\zoo_tycoon\main.lua","process"
"C:\Users\tombl\Documents\lurek2D\content\games\simulation\zoo_tycoon\main.lua","draw"
"C:\Users\tombl\Documents\lurek2D\content\games\simulation\zoo_tycoon\main.lua","draw_ui"
"C:\Users\tombl\Documents\lurek2D\content\games\sports\boxing_ring\main.lua","init"
"C:\Users\tombl\Documents\lurek2D\content\games\sports\boxing_ring\main.lua","process"
"C:\Users\tombl\Documents\lurek2D\content\games\sports\boxing_ring\main.lua","draw"
"C:\Users\tombl\Documents\lurek2D\content\games\sports\boxing_ring\main.lua","draw_ui"
"C:\Users\tombl\Documents\lurek2D\content\games\sports\drift_racing\main.lua","init"
"C:\Users\tombl\Documents\lurek2D\content\games\sports\drift_racing\main.lua","process"
"C:\Users\tombl\Documents\lurek2D\content\games\sports\drift_racing\main.lua","draw"
"C:\Users\tombl\Documents\lurek2D\content\games\sports\drift_racing\main.lua","draw_ui"
"C:\Users\tombl\Documents\lurek2D\content\games\sports\fishing\main.lua","init"
"C:\Users\tombl\Documents\lurek2D\content\games\sports\fishing\main.lua","process"
"C:\Users\tombl\Documents\lurek2D\content\games\sports\fishing\main.lua","draw"
"C:\Users\tombl\Documents\lurek2D\content\games\sports\fishing\main.lua","draw_ui"
"C:\Users\tombl\Documents\lurek2D\content\games\sports\golf_classic\main.lua","init"
"C:\Users\tombl\Documents\lurek2D\content\games\sports\golf_classic\main.lua","process"
"C:\Users\tombl\Documents\lurek2D\content\games\sports\golf_classic\main.lua","draw"
"C:\Users\tombl\Documents\lurek2D\content\games\sports\golf_classic\main.lua","draw_ui"
"C:\Users\tombl\Documents\lurek2D\content\games\sports\pinball\main.lua","init"
"C:\Users\tombl\Documents\lurek2D\content\games\sports\pinball\main.lua","process"
"C:\Users\tombl\Documents\lurek2D\content\games\sports\pinball\main.lua","draw"
"C:\Users\tombl\Documents\lurek2D\content\games\sports\pinball\main.lua","draw_ui"
"C:\Users\tombl\Documents\lurek2D\content\games\sports\rhythm_game\main.lua","init"
"C:\Users\tombl\Documents\lurek2D\content\games\sports\rhythm_game\main.lua","process"
"C:\Users\tombl\Documents\lurek2D\content\games\sports\rhythm_game\main.lua","draw"
"C:\Users\tombl\Documents\lurek2D\content\games\sports\rhythm_game\main.lua","draw_ui"
"C:\Users\tombl\Documents\lurek2D\content\games\sports\sensible_soccer\main.lua","init"
"C:\Users\tombl\Documents\lurek2D\content\games\sports\sensible_soccer\main.lua","update"
"C:\Users\tombl\Documents\lurek2D\content\games\sports\sensible_soccer\main.lua","process"
"C:\Users\tombl\Documents\lurek2D\content\games\sports\sensible_soccer\main.lua","draw"
"C:\Users\tombl\Documents\lurek2D\content\games\sports\sensible_soccer\main.lua","keypressed"
"C:\Users\tombl\Documents\lurek2D\content\games\sports\ski_jump\main.lua","init"
"C:\Users\tombl\Documents\lurek2D\content\games\sports\ski_jump\main.lua","process"
"C:\Users\tombl\Documents\lurek2D\content\games\sports\ski_jump\main.lua","draw"
"C:\Users\tombl\Documents\lurek2D\content\games\sports\ski_jump\main.lua","draw_ui"
"C:\Users\tombl\Documents\lurek2D\content\games\sports\sports_manager\main.lua","init"
"C:\Users\tombl\Documents\lurek2D\content\games\sports\sports_manager\main.lua","process"
"C:\Users\tombl\Documents\lurek2D\content\games\sports\sports_manager\main.lua","draw"
"C:\Users\tombl\Documents\lurek2D\content\games\sports\sports_manager\main.lua","draw_ui"
"C:\Users\tombl\Documents\lurek2D\content\games\sports\tennis_classic\main.lua","init"
"C:\Users\tombl\Documents\lurek2D\content\games\sports\tennis_classic\main.lua","process"
"C:\Users\tombl\Documents\lurek2D\content\games\sports\tennis_classic\main.lua","draw"
"C:\Users\tombl\Documents\lurek2D\content\games\sports\tennis_classic\main.lua","draw_ui"
"C:\Users\tombl\Documents\lurek2D\content\games\sports\track_and_field\main.lua","init"
"C:\Users\tombl\Documents\lurek2D\content\games\sports\track_and_field\main.lua","process"
"C:\Users\tombl\Documents\lurek2D\content\games\sports\track_and_field\main.lua","draw"
"C:\Users\tombl\Documents\lurek2D\content\games\sports\track_and_field\main.lua","draw_ui"
"C:\Users\tombl\Documents\lurek2D\content\games\sports\trajectory_sports\main.lua","init"
"C:\Users\tombl\Documents\lurek2D\content\games\sports\trajectory_sports\main.lua","process"
"C:\Users\tombl\Documents\lurek2D\content\games\sports\trajectory_sports\main.lua","draw"
"C:\Users\tombl\Documents\lurek2D\content\games\sports\trajectory_sports\main.lua","draw_ui"
"C:\Users\tombl\Documents\lurek2D\content\games\strategy\bridge_builder\main.lua","init"
"C:\Users\tombl\Documents\lurek2D\content\games\strategy\bridge_builder\main.lua","process"
"C:\Users\tombl\Documents\lurek2D\content\games\strategy\bridge_builder\main.lua","draw"
"C:\Users\tombl\Documents\lurek2D\content\games\strategy\bridge_builder\main.lua","draw_ui"
"C:\Users\tombl\Documents\lurek2D\content\games\strategy\card_game\main.lua","init"
"C:\Users\tombl\Documents\lurek2D\content\games\strategy\card_game\main.lua","process"
"C:\Users\tombl\Documents\lurek2D\content\games\strategy\card_game\main.lua","draw"
"C:\Users\tombl\Documents\lurek2D\content\games\strategy\card_game\main.lua","draw_ui"
"C:\Users\tombl\Documents\lurek2D\content\games\strategy\deckbuilder\main.lua","init"
"C:\Users\tombl\Documents\lurek2D\content\games\strategy\deckbuilder\main.lua","process"
"C:\Users\tombl\Documents\lurek2D\content\games\strategy\deckbuilder\main.lua","draw"
"C:\Users\tombl\Documents\lurek2D\content\games\strategy\deckbuilder\main.lua","draw_ui"
"C:\Users\tombl\Documents\lurek2D\content\games\strategy\eu2\main.lua","resize"
"C:\Users\tombl\Documents\lurek2D\content\games\strategy\eu2\main.lua","init"
"C:\Users\tombl\Documents\lurek2D\content\games\strategy\eu2\main.lua","update"
"C:\Users\tombl\Documents\lurek2D\content\games\strategy\eu2\main.lua","process"
"C:\Users\tombl\Documents\lurek2D\content\games\strategy\eu2\main.lua","mousepressed"
"C:\Users\tombl\Documents\lurek2D\content\games\strategy\eu2\main.lua","mousereleased"
"C:\Users\tombl\Documents\lurek2D\content\games\strategy\eu2\main.lua","wheelmoved"
"C:\Users\tombl\Documents\lurek2D\content\games\strategy\eu2\main.lua","keypressed"
"C:\Users\tombl\Documents\lurek2D\content\games\strategy\eu2\main.lua","draw"
"C:\Users\tombl\Documents\lurek2D\content\games\strategy\hex_strategy\main.lua","init"
"C:\Users\tombl\Documents\lurek2D\content\games\strategy\hex_strategy\main.lua","process"
"C:\Users\tombl\Documents\lurek2D\content\games\strategy\hex_strategy\main.lua","draw"
"C:\Users\tombl\Documents\lurek2D\content\games\strategy\hex_strategy\main.lua","draw_ui"
"C:\Users\tombl\Documents\lurek2D\content\games\strategy\logic_game\main.lua","init"
"C:\Users\tombl\Documents\lurek2D\content\games\strategy\logic_game\main.lua","process"
"C:\Users\tombl\Documents\lurek2D\content\games\strategy\logic_game\main.lua","draw"
"C:\Users\tombl\Documents\lurek2D\content\games\strategy\logic_game\main.lua","draw_ui"
"C:\Users\tombl\Documents\lurek2D\content\games\strategy\match3\main.lua","init"
"C:\Users\tombl\Documents\lurek2D\content\games\strategy\match3\main.lua","process"
"C:\Users\tombl\Documents\lurek2D\content\games\strategy\match3\main.lua","draw"
"C:\Users\tombl\Documents\lurek2D\content\games\strategy\match3\main.lua","draw_ui"
"C:\Users\tombl\Documents\lurek2D\content\games\strategy\maze_defense\main.lua","init"
"C:\Users\tombl\Documents\lurek2D\content\games\strategy\maze_defense\main.lua","process"
"C:\Users\tombl\Documents\lurek2D\content\games\strategy\maze_defense\main.lua","draw"
"C:\Users\tombl\Documents\lurek2D\content\games\strategy\maze_defense\main.lua","draw_ui"
"C:\Users\tombl\Documents\lurek2D\content\games\strategy\party_games\main.lua","init"
"C:\Users\tombl\Documents\lurek2D\content\games\strategy\party_games\main.lua","process"
"C:\Users\tombl\Documents\lurek2D\content\games\strategy\party_games\main.lua","draw"
"C:\Users\tombl\Documents\lurek2D\content\games\strategy\party_games\main.lua","draw_ui"
"C:\Users\tombl\Documents\lurek2D\content\games\strategy\physics_puzzle\main.lua","init"
"C:\Users\tombl\Documents\lurek2D\content\games\strategy\physics_puzzle\main.lua","process"
"C:\Users\tombl\Documents\lurek2D\content\games\strategy\physics_puzzle\main.lua","draw"
"C:\Users\tombl\Documents\lurek2D\content\games\strategy\physics_puzzle\main.lua","draw_ui"
"C:\Users\tombl\Documents\lurek2D\content\games\strategy\rts\main.lua","init"
"C:\Users\tombl\Documents\lurek2D\content\games\strategy\rts\main.lua","process"
"C:\Users\tombl\Documents\lurek2D\content\games\strategy\rts\main.lua","draw"
"C:\Users\tombl\Documents\lurek2D\content\games\strategy\rts\main.lua","draw_ui"
"C:\Users\tombl\Documents\lurek2D\content\games\strategy\tactical_battle\main.lua","init"
"C:\Users\tombl\Documents\lurek2D\content\games\strategy\tactical_battle\main.lua","process"
"C:\Users\tombl\Documents\lurek2D\content\games\strategy\tactical_battle\main.lua","draw"
"C:\Users\tombl\Documents\lurek2D\content\games\strategy\tactical_battle\main.lua","draw_ui"
"C:\Users\tombl\Documents\lurek2D\content\games\strategy\tower_defense\main.lua","init"
"C:\Users\tombl\Documents\lurek2D\content\games\strategy\tower_defense\main.lua","process"
"C:\Users\tombl\Documents\lurek2D\content\games\strategy\tower_defense\main.lua","draw"
"C:\Users\tombl\Documents\lurek2D\content\games\strategy\tower_defense\main.lua","draw_ui"
"C:\Users\tombl\Documents\lurek2D\content\games\strategy\wargame\main.lua","init"
"C:\Users\tombl\Documents\lurek2D\content\games\strategy\wargame\main.lua","process"
"C:\Users\tombl\Documents\lurek2D\content\games\strategy\wargame\main.lua","draw"
"C:\Users\tombl\Documents\lurek2D\content\games\strategy\wargame\main.lua","draw_ui"
"C:\Users\tombl\Documents\lurek2D\content\games\strategy\worms_artillery\main.lua","init"
"C:\Users\tombl\Documents\lurek2D\content\games\strategy\worms_artillery\main.lua","update"
"C:\Users\tombl\Documents\lurek2D\content\games\strategy\worms_artillery\main.lua","process"
"C:\Users\tombl\Documents\lurek2D\content\games\strategy\worms_artillery\main.lua","draw"
"C:\Users\tombl\Documents\lurek2D\content\games\strategy\worms_artillery\main.lua","keypressed"
